{"cameraMode":{"drawMode":0,"name":"Shaded","section":"Shading Mode"},"sceneLighting":true,"audioPlay":false,"sceneViewState":{"showFog":true,"showMaterialUpdate":false,"showSkybox":true,"showFlares":true,"showImageEffects":true,"showParticleSystems":true},"in2DMode":false,"pivot":{"x":-4.5180816650390629,"y":6.162980556488037,"z":-0.8925361633300781},"rotation":{"x":0.007256634999066591,"y":0.911842405796051,"z":0.016132492572069169,"w":-0.41015931963920596},"size":20.187671661376954,"orthographic":false}